{
  "project_info": {
    "project_number": "1016175004585",
    "project_id": "cv-builder-faea0",
    "storage_bucket": "cv-builder-faea0.appspot.com"
  },
  "client": [
    {
      "client_info": {
        "mobilesdk_app_id": "1:1016175004585:android:41a6286af408dc2abbd2b8",
        "android_client_info": {
          "package_name": "com.example.cv_builder"
        }
      },
      "oauth_client": [],
      "api_key": [
        {
          "current_key": "AIzaSyAx_RaAPhT4yECAvupVQKYdyV6TpsdX-9Q"
        }
      ],
      "services": {
        "appinvite_service": {
          "other_platform_oauth_client": []
        }
      }
    }
  ],
  "configuration_version": "1"
}